Atmosphere_Quality,Temperature,Gravity,Radiation_Level,Water_Present,Magnetic_Field_Strength,Wind_Speed,Toxicity_Level,Terrain_Type,Safe_to_Land
7,-112,0.94,6,No,1.58,274,2,Forest,Unsafe
4,-136,3.59,4,Yes,3.18,180,0,Rocky,Unsafe
8,-147,16.66,0,No,1.79,358,8,Plains,Unsafe
5,59,4.46,0,Yes,0.75,76,9,Swamp,Unsafe
7,10,6.76,0,No,2.99,150,7,Swamp,Unsafe
3,-135,23.69,8,Yes,4.07,237,4,Desert,Unsafe
7,-43,14.22,2,Yes,1.92,288,1,Desert,Unsafe
8,76,18.89,4,No,0.67,230,4,Plains,Safe
5,19,14.17,9,No,0.99,17,5,Desert,Unsafe
4,-117,14.04,8,Yes,1.2,72,0,Rocky,Unsafe
8,100,2.81,5,Yes,1.51,188,3,Plains,Safe
8,96,8.92,8,No,3.22,16,8,Canyon,Unsafe
3,118,7.42,7,Yes,3.01,18,1,Plains,Unsafe
6,-10,10.07,7,No,3.48,218,4,Icy,Unsafe
5,123,20.06,0,No,1.82,325,0,Forest,Unsafe
2,-55,9.61,8,Yes,4.12,119,3,Swamp,Unsafe
8,76,11.57,5,No,1.03,100,3,Icy,Safe
6,-112,10.24,8,Yes,2.35,33,5,Forest,Unsafe
2,-122,2.79,2,Yes,4.01,83,9,Plains,Unsafe
5,94,11.31,2,No,0.91,195,8,Swamp,Unsafe
1,85,5.29,5,Yes,0.56,329,2,Desert,Unsafe
6,34,5.07,8,No,4.42,201,8,Forest,Unsafe
9,121,2.8,6,No,1.72,343,5,Plains,Unsafe
1,85,9.24,2,No,3.42,340,6,Plains,Unsafe
3,88,19.06,2,Yes,0.14,10,9,Icy,Unsafe
7,115,7.27,1,No,3.45,346,1,Icy,Unsafe
4,-86,8.15,8,Yes,1.59,399,9,Desert,Unsafe
9,26,16.25,2,No,0.29,217,5,Canyon,Safe
3,-148,5.3,4,No,3.05,252,5,Volcanic,Unsafe
5,-9,22.48,8,No,1.21,221,1,Rocky,Unsafe
3,7,13.24,7,Yes,1.94,382,1,Volcanic,Unsafe
7,-5,11.47,1,Yes,0.41,368,1,Volcanic,Unsafe
5,142,14.17,2,No,0.74,79,9,Swamp,Unsafe
9,2,4.57,1,No,1.5,6,0,Canyon,Safe
7,42,15.53,7,Yes,0.46,271,4,Swamp,Unsafe
2,-78,9.4,5,Yes,4.56,226,7,Desert,Unsafe
4,-11,22.48,5,Yes,0.04,15,1,Swamp,Unsafe
9,36,4.64,8,No,2.42,11,4,Forest,Unsafe
2,142,12.92,7,Yes,0.63,290,7,Desert,Unsafe
9,-90,15.15,3,No,1.55,240,9,Desert,Unsafe
5,47,1.32,3,Yes,4.63,20,4,Plains,Safe
2,144,9.41,8,No,0.82,177,1,Plains,Unsafe
4,-140,18.45,0,No,4.83,227,2,Plains,Unsafe
7,-89,20.6,1,No,1.04,272,5,Rocky,Unsafe
8,75,8.17,1,Yes,3.71,287,4,Forest,Unsafe
3,2,20.07,5,Yes,2.74,296,3,Forest,Unsafe
1,48,24.21,3,Yes,4.42,133,3,Plains,Unsafe
4,-99,21.49,9,No,2.77,282,4,Volcanic,Unsafe
2,109,3.38,2,No,2.68,152,1,Rocky,Unsafe
8,-92,18.62,2,Yes,0.99,65,8,Volcanic,Unsafe
4,-79,8.33,2,No,0.84,136,1,Icy,Unsafe
2,-3,24.72,5,No,4.58,91,9,Forest,Unsafe
6,-88,12.39,7,No,1.65,316,1,Forest,Unsafe
6,92,3.5,6,Yes,1.87,258,9,Volcanic,Unsafe
4,-44,18.27,3,No,3.8,102,8,Rocky,Unsafe
6,75,8.41,3,Yes,1.7,54,2,Forest,Safe
2,67,24.93,9,Yes,4.76,256,9,Volcanic,Unsafe
2,90,24.5,1,Yes,3.69,100,6,Desert,Unsafe
4,108,16.58,0,Yes,2.99,197,3,Desert,Unsafe
8,111,3.68,8,Yes,4.41,300,5,Swamp,Unsafe
7,-146,17.33,1,No,0.26,225,3,Rocky,Safe
9,110,2.78,7,Yes,1.29,236,9,Volcanic,Unsafe
8,-97,1.22,8,Yes,2.33,25,6,Swamp,Unsafe
5,-104,20.66,3,Yes,1.14,120,0,Desert,Safe
2,64,5.64,7,No,3.72,397,2,Rocky,Unsafe
5,26,9.79,8,No,4.6,181,2,Canyon,Unsafe
8,-142,24.35,9,No,2.12,198,0,Swamp,Unsafe
9,-52,8.75,9,No,1.72,301,5,Canyon,Unsafe
9,-131,7.76,4,Yes,4.81,254,8,Plains,Unsafe
1,90,23.0,6,Yes,2.23,121,7,Rocky,Unsafe
9,-90,3.21,9,No,2.45,30,6,Icy,Unsafe
7,27,19.11,3,No,1.76,314,9,Plains,Unsafe
9,-89,24.71,0,No,4.55,284,7,Swamp,Unsafe
8,-6,22.58,2,No,2.85,105,5,Volcanic,Safe
1,65,16.47,4,Yes,3.81,223,8,Plains,Unsafe
8,-148,8.19,2,No,4.06,272,2,Plains,Unsafe
8,9,6.73,6,No,1.72,397,9,Swamp,Unsafe
3,76,20.57,8,No,2.17,231,9,Volcanic,Unsafe
1,118,22.06,5,No,4.24,255,8,Volcanic,Unsafe
8,-31,13.37,9,No,1.82,23,3,Desert,Unsafe
3,-62,6.49,0,No,3.97,108,6,Icy,Unsafe
3,-83,3.27,6,No,4.71,190,8,Volcanic,Unsafe
1,-53,2.64,2,Yes,3.12,346,1,Forest,Unsafe
5,116,18.12,4,Yes,3.71,24,1,Forest,Safe
7,-46,10.79,9,Yes,4.03,186,8,Icy,Unsafe
9,-28,22.68,3,Yes,4.23,287,2,Rocky,Unsafe
7,-122,18.62,9,Yes,1.98,115,8,Swamp,Unsafe
9,-14,5.19,4,Yes,0.27,337,4,Rocky,Unsafe
8,44,15.54,4,No,2.02,365,5,Forest,Unsafe
2,75,11.17,5,No,3.37,36,1,Volcanic,Unsafe
1,19,14.64,9,Yes,2.26,281,7,Icy,Unsafe
7,-142,18.58,9,No,3.75,136,8,Rocky,Unsafe
7,-111,20.25,5,Yes,1.79,226,1,Rocky,Safe
8,-126,21.17,7,No,3.18,319,5,Canyon,Unsafe
5,110,6.72,7,No,0.94,327,5,Swamp,Unsafe
3,75,1.26,8,No,3.75,181,7,Plains,Unsafe
8,-27,18.61,7,No,2.73,361,9,Forest,Unsafe
6,-113,3.11,1,No,1.03,85,4,Volcanic,Safe
3,100,8.22,9,No,1.47,52,8,Icy,Unsafe
1,25,0.59,0,Yes,3.75,347,0,Rocky,Unsafe
3,-61,17.2,9,Yes,2.42,354,8,Swamp,Unsafe
5,-114,4.59,1,No,1.09,234,9,Plains,Unsafe
3,25,16.55,1,Yes,4.84,266,6,Forest,Unsafe
1,133,24.8,2,No,3.58,286,3,Forest,Unsafe
5,-70,2.28,9,Yes,4.79,99,2,Swamp,Unsafe
7,-37,2.39,6,No,2.14,86,9,Canyon,Unsafe
7,-111,8.84,1,Yes,2.38,395,5,Icy,Unsafe
9,73,21.73,0,No,4.49,14,0,Rocky,Safe
3,-36,5.78,5,Yes,2.63,100,2,Icy,Unsafe
7,35,9.33,8,No,3.54,164,1,Swamp,Unsafe
1,-95,2.18,2,Yes,1.27,28,8,Swamp,Unsafe
4,-111,19.2,5,No,2.24,113,2,Icy,Unsafe
4,-111,10.5,2,No,0.63,106,1,Desert,Unsafe
5,86,19.1,0,No,1.04,363,3,Plains,Unsafe
7,138,22.64,4,Yes,0.01,129,1,Forest,Safe
7,111,6.2,9,Yes,0.21,83,0,Desert,Unsafe
4,65,20.28,3,Yes,4.89,270,5,Volcanic,Unsafe
7,-4,1.95,6,No,1.22,243,9,Forest,Unsafe
3,17,22.52,5,Yes,3.32,387,7,Forest,Unsafe
6,-59,16.44,9,No,4.2,213,9,Plains,Unsafe
2,-92,21.92,6,Yes,2.76,305,9,Volcanic,Unsafe
9,-92,0.5,4,Yes,0.77,165,1,Rocky,Safe
5,18,4.64,3,Yes,3.64,278,8,Volcanic,Unsafe
6,118,10.05,6,Yes,3.01,58,2,Rocky,Unsafe
4,-106,9.8,6,No,3.66,89,7,Canyon,Unsafe
7,30,6.05,5,Yes,3.85,370,7,Canyon,Unsafe
9,19,9.85,7,Yes,4.88,330,2,Volcanic,Unsafe
7,40,3.66,3,No,2.87,193,2,Icy,Safe
1,4,10.61,9,No,1.71,122,5,Swamp,Unsafe
1,37,20.16,4,Yes,3.25,135,0,Volcanic,Unsafe
9,-144,12.24,3,Yes,0.35,138,3,Desert,Safe
9,-18,0.94,0,No,4.49,228,0,Desert,Safe
4,84,10.83,7,No,0.61,273,2,Plains,Unsafe
9,-106,1.17,0,No,1.65,49,8,Swamp,Unsafe
3,98,24.17,4,Yes,4.08,397,4,Swamp,Unsafe
7,-120,3.62,5,Yes,2.99,117,4,Rocky,Safe
6,-128,17.84,5,Yes,1.97,201,3,Forest,Safe
8,9,24.33,4,No,2.37,392,2,Plains,Unsafe
9,7,20.74,2,No,4.27,394,4,Desert,Unsafe
5,-112,17.63,4,No,1.71,190,3,Desert,Safe
1,-69,21.07,7,Yes,4.35,363,7,Canyon,Unsafe
3,107,24.55,1,No,0.45,322,3,Rocky,Unsafe
8,55,15.72,5,Yes,3.89,180,7,Desert,Unsafe
6,-74,14.2,8,No,4.24,77,5,Desert,Unsafe
8,-139,15.89,7,Yes,0.92,74,4,Rocky,Unsafe
9,144,13.55,7,Yes,2.16,294,3,Desert,Unsafe
4,73,16.06,7,No,0.84,280,3,Forest,Unsafe
1,-138,11.52,6,Yes,3.54,20,3,Icy,Unsafe
1,-105,5.85,7,No,2.68,393,8,Plains,Unsafe
4,4,3.45,5,Yes,3.18,170,3,Forest,Unsafe
7,-38,2.17,1,No,0.99,14,8,Forest,Unsafe
2,82,6.95,1,No,1.07,210,9,Icy,Unsafe
3,-134,1.63,7,Yes,0.22,47,5,Canyon,Unsafe
1,72,14.4,0,No,1.62,85,9,Swamp,Unsafe
5,37,7.45,5,Yes,2.8,148,6,Plains,Unsafe
1,12,20.7,5,No,4.29,187,9,Canyon,Unsafe
8,-77,2.32,3,No,3.34,371,2,Canyon,Unsafe
1,82,6.05,9,No,2.18,305,7,Forest,Unsafe
1,73,18.39,2,No,4.77,150,2,Desert,Unsafe
2,-91,15.17,2,Yes,3.6,140,0,Canyon,Unsafe
2,71,2.08,0,No,4.65,68,9,Icy,Unsafe
6,-114,21.99,2,No,2.64,259,4,Swamp,Unsafe
7,127,21.99,3,Yes,1.3,333,1,Plains,Unsafe
5,45,8.59,4,Yes,0.27,8,9,Volcanic,Unsafe
1,91,8.84,2,Yes,3.63,120,5,Rocky,Unsafe
1,68,24.73,5,Yes,0.62,370,9,Desert,Unsafe
3,41,15.84,4,Yes,1.52,100,8,Icy,Unsafe
2,-134,13.52,2,Yes,2.67,148,0,Rocky,Unsafe
5,-139,21.03,5,No,2.83,145,3,Swamp,Safe
6,42,7.49,5,Yes,3.01,352,0,Swamp,Unsafe
7,-129,11.01,7,No,0.84,242,0,Volcanic,Unsafe
4,-31,7.06,1,Yes,1.9,240,7,Canyon,Unsafe
7,59,19.83,0,No,3.09,336,1,Forest,Unsafe
8,119,14.55,3,No,4.85,42,0,Forest,Safe
1,41,16.64,6,No,3.64,94,7,Plains,Unsafe
6,24,6.68,9,Yes,4.61,225,3,Icy,Unsafe
8,134,5.9,2,Yes,3.81,5,2,Icy,Safe
5,53,12.47,2,Yes,2.96,213,3,Canyon,Safe
4,13,18.57,4,Yes,0.97,205,4,Swamp,Unsafe
2,100,13.37,4,No,3.34,66,0,Plains,Unsafe
6,76,1.3,9,Yes,3.12,395,0,Canyon,Unsafe
6,-144,21.78,2,No,3.02,99,2,Rocky,Safe
1,-122,2.08,8,No,2.45,11,5,Forest,Unsafe
9,-118,23.92,3,Yes,2.65,236,0,Forest,Safe
6,-17,1.12,2,Yes,1.68,321,1,Swamp,Unsafe
3,-72,17.51,1,Yes,2.6,257,6,Icy,Unsafe
4,-93,2.51,9,No,1.0,398,0,Swamp,Unsafe
4,-125,22.81,8,Yes,4.03,336,6,Canyon,Unsafe
3,75,11.88,3,No,0.94,134,3,Icy,Unsafe
3,134,3.87,2,Yes,0.43,221,9,Plains,Unsafe
3,-147,8.85,6,No,2.19,155,5,Canyon,Unsafe
4,-52,4.54,7,Yes,3.29,141,7,Volcanic,Unsafe
7,-112,4.68,1,Yes,2.19,157,8,Rocky,Unsafe
4,120,23.73,6,No,1.39,325,5,Desert,Unsafe
9,134,11.41,4,Yes,2.8,370,8,Volcanic,Unsafe
1,6,19.83,4,Yes,1.74,343,3,Canyon,Unsafe
8,-76,16.17,2,Yes,4.67,261,5,Volcanic,Unsafe
7,137,17.07,4,Yes,4.61,282,7,Icy,Unsafe
2,-21,3.73,1,Yes,2.52,337,8,Icy,Unsafe
8,24,6.24,3,Yes,1.65,343,2,Icy,Unsafe
1,-67,19.78,5,Yes,3.69,228,1,Volcanic,Unsafe
9,-129,24.28,0,No,0.19,375,5,Swamp,Unsafe
9,-124,6.94,9,No,2.38,279,3,Rocky,Unsafe
2,44,7.15,3,Yes,1.69,357,0,Swamp,Unsafe
7,85,12.09,5,Yes,4.6,289,7,Icy,Unsafe
3,-59,24.6,8,Yes,0.07,167,8,Canyon,Unsafe
7,-130,7.09,1,No,2.77,46,8,Canyon,Unsafe
9,-67,10.47,6,No,3.71,202,1,Forest,Unsafe
4,111,22.34,5,Yes,2.43,213,8,Swamp,Unsafe
1,-4,0.57,1,No,0.44,245,6,Rocky,Unsafe
2,106,1.47,7,Yes,4.86,23,4,Canyon,Unsafe
1,-93,15.3,6,Yes,2.59,320,6,Forest,Unsafe
5,-136,22.73,4,Yes,3.07,273,8,Rocky,Unsafe
5,11,6.35,4,Yes,1.19,43,7,Icy,Unsafe
7,12,12.01,6,No,2.42,331,5,Swamp,Unsafe
9,130,11.54,8,No,2.15,312,3,Desert,Unsafe
9,129,12.09,8,Yes,0.38,362,0,Plains,Unsafe
3,-139,15.75,8,No,0.54,155,5,Icy,Unsafe
3,123,12.01,5,No,4.19,379,2,Canyon,Unsafe
3,120,11.46,9,Yes,1.21,198,5,Volcanic,Unsafe
4,57,12.12,5,No,0.98,161,5,Desert,Unsafe
8,-124,14.98,2,Yes,2.53,394,3,Volcanic,Unsafe
6,-79,13.66,0,Yes,3.85,233,1,Rocky,Safe
8,-91,21.43,6,Yes,0.32,162,8,Volcanic,Unsafe
1,-6,1.71,3,Yes,2.89,115,1,Desert,Unsafe
8,-58,20.92,0,No,0.6,92,2,Desert,Safe
4,-143,21.18,7,Yes,0.19,41,9,Icy,Unsafe
1,-72,7.48,5,No,0.27,283,0,Forest,Unsafe
8,-124,11.84,5,Yes,4.17,378,6,Icy,Unsafe
4,23,11.24,1,Yes,0.6,209,0,Rocky,Unsafe
6,-101,5.85,0,No,0.24,205,8,Canyon,Unsafe
8,48,10.22,1,Yes,2.2,219,0,Volcanic,Safe
4,30,1.59,3,No,4.22,279,4,Forest,Unsafe
3,-127,7.31,1,No,1.32,135,6,Swamp,Unsafe
9,-105,20.51,0,Yes,2.11,105,2,Plains,Safe
3,-136,7.47,6,Yes,0.21,117,8,Desert,Unsafe
9,2,20.55,7,Yes,2.25,236,7,Forest,Unsafe
2,71,13.52,5,Yes,2.89,308,2,Canyon,Unsafe
2,55,22.06,3,Yes,2.86,387,4,Swamp,Unsafe
2,122,14.58,5,Yes,1.67,99,6,Forest,Unsafe
6,85,1.23,2,No,1.58,260,3,Icy,Unsafe
3,77,17.05,7,No,0.54,304,4,Swamp,Unsafe
9,-142,1.6,9,Yes,1.84,353,2,Plains,Unsafe
4,15,11.54,1,No,0.51,285,8,Canyon,Unsafe
1,63,23.27,4,No,3.84,327,9,Desert,Unsafe
4,-34,4.55,0,Yes,4.83,102,8,Canyon,Unsafe
1,-79,10.05,5,Yes,4.85,62,6,Rocky,Unsafe
5,-87,18.38,1,No,4.33,174,9,Rocky,Unsafe
4,54,22.12,3,Yes,3.01,281,1,Forest,Unsafe
8,58,16.94,5,No,3.51,292,6,Swamp,Unsafe
8,-79,6.83,9,Yes,1.43,225,6,Forest,Unsafe
7,126,17.03,7,No,3.16,6,4,Volcanic,Unsafe
3,123,7.77,7,No,2.28,126,8,Plains,Unsafe
1,-56,18.1,5,No,2.42,91,2,Desert,Unsafe
1,15,23.87,3,No,3.79,189,3,Forest,Unsafe
3,-119,18.17,7,Yes,1.42,358,0,Volcanic,Unsafe
6,-140,21.64,7,Yes,1.6,52,5,Swamp,Unsafe
7,66,0.55,9,No,4.62,241,3,Plains,Unsafe
6,138,18.08,0,No,0.29,131,0,Desert,Safe
6,-49,20.82,3,Yes,2.43,363,1,Rocky,Unsafe
6,116,1.49,3,Yes,4.56,111,2,Volcanic,Safe
3,63,21.85,6,No,3.06,6,8,Swamp,Unsafe
6,28,6.79,6,No,2.74,229,7,Plains,Unsafe
8,-63,16.8,7,No,1.26,155,6,Volcanic,Unsafe
2,-110,20.11,4,No,1.72,196,3,Forest,Unsafe
5,-75,16.74,6,No,4.26,322,0,Icy,Unsafe
1,-105,2.76,7,Yes,2.8,363,7,Rocky,Unsafe
1,9,15.11,8,No,2.58,222,3,Forest,Unsafe
5,-71,13.96,2,Yes,0.51,366,2,Forest,Unsafe
3,-65,22.56,2,Yes,0.09,249,8,Swamp,Unsafe
4,-59,10.4,3,Yes,4.82,82,9,Swamp,Unsafe
3,-3,8.37,4,No,1.89,239,3,Plains,Unsafe
1,10,18.87,9,Yes,3.02,379,3,Swamp,Unsafe
1,51,10.61,0,Yes,0.41,394,8,Volcanic,Unsafe
5,91,16.33,6,Yes,3.42,359,1,Rocky,Unsafe
6,-149,16.34,8,Yes,4.66,322,4,Forest,Unsafe
3,74,22.26,7,No,2.88,262,3,Plains,Unsafe
9,138,15.17,4,No,0.64,188,8,Canyon,Unsafe
5,82,12.8,3,Yes,2.91,365,4,Canyon,Unsafe
8,-74,3.9,6,Yes,3.83,289,8,Rocky,Unsafe
1,-35,3.34,4,No,2.04,361,8,Swamp,Unsafe
5,3,4.28,6,No,4.4,57,1,Swamp,Unsafe
3,-48,4.71,0,No,3.25,8,8,Volcanic,Unsafe
1,43,16.13,0,Yes,4.5,303,2,Swamp,Unsafe
4,15,18.65,9,No,3.12,114,3,Canyon,Unsafe
5,-61,13.48,2,Yes,0.67,209,0,Forest,Safe
7,23,20.81,1,Yes,1.56,40,0,Canyon,Safe
1,-29,24.79,1,No,1.02,303,0,Desert,Unsafe
3,-8,20.59,6,Yes,4.55,172,8,Forest,Unsafe
2,-45,17.52,9,No,3.8,233,7,Forest,Unsafe
9,-28,13.55,1,Yes,3.39,280,4,Swamp,Unsafe
6,-142,11.5,3,No,1.51,371,4,Rocky,Unsafe
3,111,2.57,1,Yes,0.93,77,8,Swamp,Unsafe
8,-78,10.28,5,Yes,3.78,107,2,Rocky,Safe
8,72,22.8,7,No,2.38,280,2,Rocky,Unsafe
2,-110,20.3,9,No,1.14,38,6,Canyon,Unsafe
6,53,5.79,3,No,3.09,118,8,Rocky,Unsafe
7,113,11.93,4,No,0.21,334,5,Plains,Unsafe
2,27,20.51,3,Yes,1.64,335,1,Icy,Unsafe
2,-67,2.15,2,No,2.35,26,0,Swamp,Unsafe
1,-40,9.99,4,No,0.75,103,1,Plains,Unsafe
8,100,21.37,8,Yes,4.92,73,0,Forest,Unsafe
1,-144,10.4,7,No,1.05,190,9,Plains,Unsafe
9,-67,2.4,7,No,0.66,323,9,Volcanic,Unsafe
6,57,13.79,7,Yes,1.03,146,8,Desert,Unsafe
7,-129,21.61,7,No,3.85,254,9,Rocky,Unsafe
7,-148,14.96,6,No,2.13,283,7,Swamp,Unsafe
3,-24,6.04,7,No,2.83,212,6,Volcanic,Unsafe
2,146,9.91,7,No,0.11,122,2,Swamp,Unsafe
9,37,11.53,7,No,0.18,205,7,Canyon,Unsafe
8,-137,14.69,9,No,2.23,239,1,Desert,Unsafe
7,-139,19.1,6,Yes,4.09,393,1,Volcanic,Unsafe
9,-64,2.92,0,No,4.43,338,9,Swamp,Unsafe
4,-139,22.3,3,Yes,0.44,285,2,Forest,Unsafe
4,-126,0.8,3,Yes,2.7,21,6,Rocky,Unsafe
1,92,9.57,4,Yes,4.57,258,0,Volcanic,Unsafe
8,-29,1.17,9,Yes,1.95,356,7,Forest,Unsafe
3,-4,10.13,5,No,4.15,104,6,Rocky,Unsafe
7,-96,13.38,3,No,0.68,257,3,Icy,Unsafe
2,87,13.04,1,No,4.68,203,4,Forest,Unsafe
2,22,4.56,5,Yes,3.76,309,9,Plains,Unsafe
7,70,16.32,7,No,4.71,261,0,Swamp,Unsafe
6,-32,1.6,7,No,3.39,106,3,Canyon,Unsafe
3,32,19.17,6,No,1.82,250,0,Rocky,Unsafe
9,137,23.69,5,Yes,4.69,220,0,Volcanic,Safe
6,149,8.82,1,Yes,1.39,378,9,Desert,Unsafe
6,-69,13.17,6,No,1.67,221,0,Volcanic,Unsafe
1,60,9.78,4,Yes,3.51,257,6,Plains,Unsafe
4,-1,0.66,5,Yes,3.83,200,6,Swamp,Unsafe
6,-114,9.95,9,No,4.65,366,3,Plains,Unsafe
6,-92,19.9,7,Yes,1.03,257,1,Volcanic,Unsafe
5,-20,15.1,7,Yes,3.99,348,2,Canyon,Unsafe
1,51,2.98,2,No,3.7,224,7,Swamp,Unsafe
8,92,21.25,6,Yes,0.33,201,7,Desert,Unsafe
5,-116,13.51,0,Yes,1.94,225,5,Rocky,Safe
5,-58,21.12,0,Yes,1.42,235,9,Swamp,Unsafe
7,56,14.72,6,Yes,1.53,182,8,Forest,Unsafe
4,62,14.21,9,Yes,4.91,199,8,Swamp,Unsafe
6,8,3.08,8,Yes,3.22,356,3,Plains,Unsafe
4,-127,4.6,6,Yes,3.59,245,0,Plains,Unsafe
3,142,24.31,9,Yes,4.88,352,0,Plains,Unsafe
7,-147,6.1,4,No,1.89,110,9,Desert,Unsafe
8,69,24.45,7,No,4.01,5,4,Swamp,Unsafe
4,-131,13.53,1,No,2.18,235,1,Canyon,Unsafe
2,1,3.83,8,No,4.35,126,5,Canyon,Unsafe
3,-101,2.93,5,Yes,0.91,103,6,Swamp,Unsafe
1,26,5.62,8,No,4.74,236,0,Canyon,Unsafe
8,-55,23.18,1,No,1.1,154,5,Icy,Safe
3,-46,10.65,2,Yes,1.64,256,7,Desert,Unsafe
7,99,10.19,7,Yes,3.78,234,4,Rocky,Unsafe
5,-34,8.17,0,Yes,1.97,288,6,Rocky,Unsafe
5,77,4.1,9,Yes,3.04,39,9,Rocky,Unsafe
7,-85,12.45,6,Yes,2.23,287,5,Rocky,Unsafe
9,111,3.69,6,No,3.71,196,3,Rocky,Unsafe
5,144,20.97,0,Yes,1.15,272,6,Canyon,Unsafe
1,92,9.57,8,No,0.3,381,9,Volcanic,Unsafe
1,35,9.68,7,No,1.51,263,8,Plains,Unsafe
2,95,12.11,3,Yes,2.38,56,9,Desert,Unsafe
6,-26,11.38,9,No,0.85,297,9,Volcanic,Unsafe
9,117,24.87,4,No,1.78,97,6,Desert,Unsafe
8,-20,13.86,1,Yes,2.01,136,4,Icy,Safe
5,86,2.66,8,No,0.3,375,6,Swamp,Unsafe
1,-133,15.37,5,No,2.92,86,2,Forest,Unsafe
7,-111,4.21,2,No,4.42,241,1,Plains,Safe
5,-130,1.26,6,Yes,0.77,198,4,Icy,Unsafe
6,74,24.28,8,Yes,2.99,309,3,Volcanic,Unsafe
7,131,19.45,2,Yes,3.33,83,4,Forest,Safe
3,-143,24.51,1,No,2.1,241,7,Swamp,Unsafe
3,-51,12.21,6,Yes,3.51,280,3,Icy,Unsafe
5,89,13.54,6,No,2.06,322,8,Swamp,Unsafe
6,-64,4.62,3,Yes,2.53,251,6,Swamp,Unsafe
9,147,6.55,8,No,0.05,189,9,Canyon,Unsafe
5,-137,21.04,7,Yes,3.46,151,6,Desert,Unsafe
1,-149,9.23,0,Yes,3.31,301,7,Forest,Unsafe
4,142,20.76,0,No,0.2,277,5,Desert,Unsafe
5,-110,17.87,4,Yes,1.85,138,7,Swamp,Unsafe
5,-40,4.84,5,No,4.9,175,2,Canyon,Safe
7,-137,12.93,2,Yes,2.11,7,9,Icy,Unsafe
4,80,17.1,8,Yes,2.51,294,9,Swamp,Unsafe
1,-67,6.26,9,No,4.55,234,0,Volcanic,Unsafe
5,-21,20.85,5,No,3.59,162,5,Swamp,Safe
7,80,13.85,3,No,2.91,48,0,Desert,Safe
6,-6,4.55,6,Yes,3.99,301,8,Forest,Unsafe
5,-123,14.78,7,No,4.32,37,1,Icy,Unsafe
4,-85,24.99,8,Yes,2.29,135,1,Desert,Unsafe
2,12,4.19,5,No,2.38,309,6,Swamp,Unsafe
4,78,20.51,5,No,1.94,218,1,Volcanic,Unsafe
3,110,5.58,7,No,4.83,347,9,Plains,Unsafe
1,13,19.67,4,No,3.49,295,7,Canyon,Unsafe
8,136,18.5,2,No,0.43,33,5,Volcanic,Safe
5,-141,7.86,2,No,4.32,351,6,Swamp,Unsafe
4,44,8.48,5,Yes,2.41,78,6,Volcanic,Unsafe
8,-33,19.92,1,No,0.35,235,5,Canyon,Safe
7,119,11.81,5,Yes,2.75,382,9,Plains,Unsafe
2,-71,18.41,5,No,2.09,272,8,Volcanic,Unsafe
1,-58,4.13,7,No,4.39,160,8,Plains,Unsafe
4,115,21.39,6,No,1.03,174,6,Swamp,Unsafe
8,106,17.92,7,Yes,4.13,365,8,Plains,Unsafe
2,-18,22.72,8,Yes,2.79,307,9,Desert,Unsafe
3,125,3.74,5,No,0.28,373,2,Desert,Unsafe
1,113,15.03,2,Yes,4.86,220,2,Plains,Unsafe
1,20,15.18,9,No,2.57,8,0,Icy,Unsafe
3,-150,9.16,2,No,1.46,288,4,Forest,Unsafe
5,-87,11.73,0,Yes,2.35,112,3,Icy,Safe
3,133,1.43,4,Yes,4.29,204,1,Plains,Unsafe
1,-30,18.77,3,Yes,1.53,185,8,Forest,Unsafe
1,-44,13.96,8,Yes,0.97,340,2,Desert,Unsafe
8,24,1.91,8,No,0.65,196,7,Forest,Unsafe
2,53,17.18,4,Yes,1.5,265,5,Plains,Unsafe
3,14,11.94,9,Yes,3.9,261,4,Desert,Unsafe
2,-31,1.34,3,No,2.36,247,0,Forest,Unsafe
3,-107,24.26,6,Yes,1.15,114,3,Forest,Unsafe
7,5,23.75,5,Yes,0.84,120,2,Icy,Safe
1,56,13.07,3,Yes,1.67,140,0,Forest,Unsafe
8,-43,2.79,9,Yes,4.7,64,4,Swamp,Unsafe
2,100,18.99,1,No,1.72,275,5,Plains,Unsafe
3,-21,12.55,0,No,4.94,312,1,Rocky,Unsafe
9,142,7.91,3,Yes,2.43,238,2,Rocky,Safe
7,-131,12.54,3,Yes,0.9,301,5,Rocky,Unsafe
4,131,13.3,0,No,4.46,391,3,Plains,Unsafe
5,134,14.29,5,Yes,2.31,9,8,Rocky,Unsafe
2,-150,11.31,3,Yes,3.55,368,4,Icy,Unsafe
8,-32,15.34,0,Yes,4.92,232,3,Plains,Safe
4,-116,23.01,0,Yes,0.26,194,1,Swamp,Unsafe
9,47,9.38,0,Yes,0.49,394,5,Desert,Unsafe
5,94,18.28,7,Yes,3.61,11,9,Swamp,Unsafe
9,-92,22.41,9,Yes,1.42,393,1,Plains,Unsafe
4,10,11.67,7,Yes,0.93,176,6,Plains,Unsafe
5,28,11.36,1,Yes,0.21,176,2,Forest,Safe
9,55,15.25,6,No,0.12,216,8,Forest,Unsafe
8,-139,14.99,7,No,3.87,10,4,Forest,Unsafe
3,125,20.26,7,No,0.68,117,7,Canyon,Unsafe
1,30,12.17,9,Yes,2.34,163,5,Canyon,Unsafe
3,91,24.91,6,Yes,3.03,38,9,Volcanic,Unsafe
4,65,1.96,4,No,2.15,52,7,Canyon,Unsafe
2,100,0.58,0,Yes,0.15,217,2,Icy,Unsafe
1,148,16.18,8,No,3.92,205,2,Plains,Unsafe
7,-25,7.81,6,Yes,0.06,311,4,Swamp,Unsafe
8,66,6.39,1,No,3.81,359,9,Plains,Unsafe
7,134,8.14,5,No,4.47,384,2,Forest,Unsafe
5,34,6.77,1,No,2.17,55,7,Plains,Unsafe
1,-112,1.25,0,Yes,2.68,117,9,Desert,Unsafe
7,72,24.3,6,No,2.39,387,7,Canyon,Unsafe
7,33,5.91,1,Yes,1.95,252,1,Plains,Unsafe
9,27,18.48,1,Yes,4.44,285,3,Swamp,Unsafe
3,143,19.18,4,Yes,4.47,267,9,Rocky,Unsafe
9,0,23.27,4,Yes,1.69,290,0,Desert,Unsafe
1,-25,1.25,6,Yes,3.08,332,3,Desert,Unsafe
1,83,21.87,0,Yes,4.64,179,3,Plains,Unsafe
4,-143,13.42,7,Yes,4.81,357,9,Volcanic,Unsafe
9,-22,16.0,2,No,2.55,234,8,Forest,Unsafe
6,113,16.29,3,No,2.27,342,2,Icy,Unsafe
3,6,20.59,8,No,1.4,195,1,Icy,Unsafe
1,-146,8.67,3,Yes,4.79,307,8,Rocky,Unsafe
4,-65,18.46,9,Yes,0.72,79,8,Icy,Unsafe
9,24,13.45,4,Yes,2.9,134,0,Icy,Safe
3,139,19.94,6,Yes,1.42,21,5,Forest,Unsafe
9,42,24.77,3,No,1.4,330,9,Canyon,Unsafe
7,-32,5.42,0,Yes,2.03,224,7,Forest,Unsafe
4,67,24.87,8,No,4.99,57,2,Volcanic,Unsafe
3,-37,2.7,3,Yes,0.28,92,8,Swamp,Unsafe
5,-6,0.56,8,No,2.9,191,1,Rocky,Unsafe
5,-125,1.58,5,Yes,0.42,102,5,Icy,Safe
3,-15,8.87,0,No,0.78,395,0,Volcanic,Unsafe
9,81,16.01,2,Yes,2.2,6,6,Rocky,Unsafe
4,-75,2.19,1,No,2.56,127,2,Desert,Unsafe
5,138,0.64,8,Yes,1.3,54,6,Icy,Unsafe
4,-150,23.46,0,No,1.59,230,3,Icy,Unsafe
5,-4,20.64,8,No,0.44,361,8,Forest,Unsafe
7,136,20.32,8,Yes,1.52,61,4,Plains,Unsafe
9,-9,22.17,7,No,4.83,239,2,Rocky,Unsafe
7,-98,17.65,7,Yes,4.72,89,7,Icy,Unsafe
5,-82,3.06,0,Yes,1.68,231,5,Canyon,Safe
7,-61,10.28,7,Yes,2.86,232,1,Rocky,Unsafe
5,69,18.22,9,No,4.55,353,2,Swamp,Unsafe
3,41,7.37,2,No,0.04,332,7,Canyon,Unsafe
7,-88,17.34,6,Yes,4.06,374,9,Volcanic,Unsafe
2,-78,1.1,0,Yes,4.74,291,6,Canyon,Unsafe
9,10,8.0,0,No,0.47,344,9,Volcanic,Unsafe
1,18,13.95,9,No,0.82,151,5,Plains,Unsafe
6,-62,15.99,4,No,4.8,144,0,Icy,Safe
7,25,14.64,4,Yes,2.69,129,8,Canyon,Unsafe
8,118,17.6,7,Yes,0.08,140,2,Swamp,Unsafe
9,-78,0.65,6,Yes,1.3,92,4,Forest,Unsafe
2,94,2.97,7,Yes,2.26,113,6,Icy,Unsafe
2,-74,21.79,5,Yes,3.47,283,6,Rocky,Unsafe
5,8,17.2,5,No,3.67,142,2,Desert,Safe
5,-53,3.27,1,Yes,4.98,222,3,Volcanic,Safe
6,-49,21.13,5,No,1.44,231,9,Rocky,Unsafe
3,-19,6.43,4,No,2.7,32,6,Plains,Unsafe
8,-49,12.22,2,Yes,2.67,275,7,Volcanic,Unsafe
1,-132,4.06,5,No,2.03,169,1,Forest,Unsafe
6,-69,17.9,7,Yes,0.85,139,8,Volcanic,Unsafe
4,128,16.84,8,No,4.89,356,6,Desert,Unsafe
1,-22,5.67,0,Yes,4.27,200,7,Canyon,Unsafe
7,-62,21.65,2,Yes,2.5,22,5,Swamp,Safe
9,62,10.33,2,No,3.02,223,5,Canyon,Safe
4,-8,7.67,7,Yes,1.14,367,8,Icy,Unsafe
4,-86,4.23,0,No,2.72,269,3,Desert,Unsafe
6,-75,7.02,4,Yes,3.48,346,4,Swamp,Unsafe
3,48,1.04,2,Yes,2.58,152,8,Desert,Unsafe
6,-8,14.79,1,Yes,4.95,332,0,Icy,Unsafe
7,-58,21.13,7,No,3.06,84,3,Volcanic,Unsafe
3,73,13.95,2,No,1.86,108,6,Plains,Unsafe
7,140,5.87,6,Yes,3.86,30,8,Icy,Unsafe
3,-49,1.32,0,No,0.86,228,9,Icy,Unsafe
2,116,5.76,5,Yes,1.93,239,5,Swamp,Unsafe
4,-41,10.69,2,No,1.74,377,7,Forest,Unsafe
8,114,19.11,7,No,2.16,362,8,Canyon,Unsafe
9,-148,5.1,5,Yes,3.91,309,9,Volcanic,Unsafe
7,-66,18.13,1,Yes,2.43,388,3,Icy,Unsafe
1,131,21.74,5,Yes,3.97,140,0,Plains,Unsafe
3,-34,11.62,6,Yes,2.89,155,7,Rocky,Unsafe
9,70,20.63,4,Yes,1.72,298,1,Volcanic,Unsafe
1,3,14.09,2,No,4.05,344,0,Forest,Unsafe
9,2,16.11,3,No,1.2,370,6,Desert,Unsafe
8,-139,13.39,3,Yes,1.13,98,9,Icy,Unsafe
1,-18,11.85,5,Yes,2.53,46,8,Plains,Unsafe
6,142,6.25,9,Yes,1.31,326,8,Volcanic,Unsafe
5,149,7.93,0,No,0.06,66,2,Plains,Safe
6,77,7.6,3,Yes,3.25,61,5,Plains,Safe
5,120,14.3,9,Yes,2.56,108,6,Canyon,Unsafe
6,-108,3.44,3,No,2.23,166,9,Swamp,Unsafe
5,-130,22.96,9,No,4.84,36,8,Desert,Unsafe
5,-44,18.16,0,No,2.86,118,1,Forest,Safe
4,-34,10.34,8,No,4.32,85,7,Canyon,Unsafe
3,-27,4.39,3,Yes,0.71,381,6,Volcanic,Unsafe
3,130,22.11,6,No,2.85,391,3,Icy,Unsafe
4,141,20.68,2,No,4.34,51,1,Forest,Unsafe
9,52,18.18,9,Yes,2.92,90,7,Icy,Unsafe
2,-100,7.15,2,Yes,3.59,288,4,Rocky,Unsafe
9,120,10.36,7,Yes,1.87,336,5,Plains,Unsafe
1,126,3.02,7,No,0.47,297,6,Rocky,Unsafe
1,-10,5.13,0,Yes,2.29,203,9,Swamp,Unsafe
5,124,19.68,9,No,1.98,367,0,Plains,Unsafe
6,139,18.02,1,No,4.34,237,7,Desert,Unsafe
6,-99,15.04,7,No,1.23,381,3,Forest,Unsafe
3,-124,22.45,0,Yes,4.83,154,8,Icy,Unsafe
7,6,14.79,7,No,4.79,239,0,Canyon,Unsafe
9,88,11.94,7,Yes,1.25,135,1,Swamp,Unsafe
8,5,8.84,1,Yes,1.75,361,5,Desert,Unsafe
6,140,23.54,3,Yes,4.48,380,9,Icy,Unsafe
8,-15,2.53,5,No,4.83,368,0,Forest,Unsafe
5,-7,23.31,8,No,2.22,63,3,Volcanic,Unsafe
8,-45,20.75,7,No,1.61,122,7,Swamp,Unsafe
4,7,3.68,7,Yes,2.64,253,9,Rocky,Unsafe
8,-5,14.34,6,No,3.44,113,4,Rocky,Unsafe
2,-149,21.73,8,No,1.37,19,8,Canyon,Unsafe
5,-74,14.51,1,No,3.69,15,5,Icy,Safe
9,-19,22.73,2,No,0.27,144,0,Icy,Safe
4,-61,23.6,9,No,0.26,207,5,Icy,Unsafe
6,112,10.85,7,Yes,1.94,18,5,Swamp,Unsafe
1,-43,9.74,5,Yes,1.77,375,5,Forest,Unsafe
9,-77,23.44,9,Yes,1.59,391,7,Volcanic,Unsafe
1,-112,17.04,8,Yes,2.46,165,5,Rocky,Unsafe
5,8,3.34,9,No,1.61,37,4,Desert,Unsafe
4,-80,1.54,3,Yes,0.97,180,1,Plains,Unsafe
3,90,14.33,7,No,1.55,348,3,Swamp,Unsafe
6,147,23.29,9,Yes,4.87,104,9,Swamp,Unsafe
2,-115,21.18,2,Yes,2.06,99,4,Forest,Unsafe
3,-67,17.06,2,Yes,2.23,89,9,Rocky,Unsafe
5,112,3.91,7,No,2.89,299,3,Canyon,Unsafe
9,21,6.73,4,No,4.92,331,1,Volcanic,Unsafe
2,22,21.95,2,Yes,1.22,78,6,Forest,Unsafe
8,-104,4.98,9,No,3.41,72,9,Desert,Unsafe
2,-10,7.32,0,Yes,3.58,175,9,Rocky,Unsafe
5,-33,3.68,2,Yes,3.04,395,1,Forest,Unsafe
7,126,17.06,8,Yes,0.45,95,0,Rocky,Unsafe
8,63,23.63,4,No,3.39,344,4,Rocky,Unsafe
1,69,7.09,9,Yes,0.33,102,0,Canyon,Unsafe
6,-125,12.15,1,Yes,2.98,223,0,Swamp,Safe
1,-142,16.04,6,Yes,3.7,5,0,Volcanic,Unsafe
2,120,24.99,1,No,1.06,121,5,Swamp,Unsafe
1,-141,3.07,3,Yes,4.21,235,8,Plains,Unsafe
5,-30,12.71,6,No,0.16,115,9,Volcanic,Unsafe
9,-26,9.94,3,Yes,4.22,162,0,Rocky,Safe
6,19,21.71,6,No,2.31,225,4,Forest,Unsafe
1,-79,12.16,6,Yes,1.1,229,8,Desert,Unsafe
1,1,3.22,0,Yes,0.68,181,8,Canyon,Unsafe
2,57,16.04,5,No,4.77,248,0,Volcanic,Unsafe
9,-102,19.38,8,No,0.37,317,7,Plains,Unsafe
3,3,0.57,1,Yes,1.0,209,0,Rocky,Unsafe
1,142,21.54,2,No,1.75,143,7,Desert,Unsafe
5,-83,5.06,9,Yes,3.1,391,0,Volcanic,Unsafe
7,-101,14.03,4,Yes,2.73,344,4,Swamp,Unsafe
6,1,10.69,8,Yes,0.64,95,7,Swamp,Unsafe
1,-132,18.13,3,No,1.46,381,5,Volcanic,Unsafe
5,-51,9.59,0,Yes,1.2,345,8,Volcanic,Unsafe
5,-91,21.81,3,No,1.08,243,0,Volcanic,Safe
6,16,18.4,5,Yes,2.06,85,8,Desert,Unsafe
3,51,16.37,4,No,3.52,393,0,Swamp,Unsafe
5,-5,20.01,0,No,1.1,183,9,Forest,Unsafe
7,13,18.97,3,Yes,1.84,120,9,Plains,Unsafe
5,91,1.38,5,No,1.96,331,2,Plains,Unsafe
5,-82,10.17,9,Yes,4.88,91,0,Canyon,Unsafe
5,24,23.3,9,Yes,4.77,69,2,Rocky,Unsafe
3,-102,3.58,3,Yes,4.0,132,1,Icy,Unsafe
1,-43,18.56,8,Yes,1.22,278,1,Forest,Unsafe
5,75,24.38,4,Yes,0.35,136,8,Swamp,Unsafe
9,10,1.78,7,No,1.59,313,7,Rocky,Unsafe
1,-32,17.21,8,Yes,1.34,186,0,Canyon,Unsafe
3,-2,11.97,9,No,2.53,220,3,Rocky,Unsafe
4,-1,14.69,4,No,3.89,45,0,Volcanic,Unsafe
1,142,2.59,5,Yes,4.29,277,0,Icy,Unsafe
1,-8,1.55,0,No,4.23,191,3,Swamp,Unsafe
8,9,16.84,6,Yes,1.8,7,1,Icy,Unsafe
2,-140,20.67,3,No,3.44,378,2,Forest,Unsafe
8,-13,19.66,1,No,1.57,275,8,Icy,Unsafe
7,-73,13.82,4,No,0.31,178,1,Rocky,Safe
2,-74,2.95,2,Yes,3.51,333,3,Icy,Unsafe
6,103,17.36,5,No,0.06,38,0,Icy,Safe
6,107,6.43,7,Yes,2.05,292,1,Plains,Unsafe
3,140,22.82,6,No,1.65,177,4,Swamp,Unsafe
2,112,21.04,2,No,3.47,161,9,Swamp,Unsafe
1,-66,17.88,7,No,3.83,330,0,Rocky,Unsafe
6,-5,23.75,1,No,1.53,373,6,Desert,Unsafe
5,-109,1.27,9,Yes,4.06,103,3,Icy,Unsafe
9,-26,18.54,8,Yes,1.48,160,5,Icy,Unsafe
1,16,8.59,3,No,2.24,286,7,Volcanic,Unsafe
7,90,22.7,0,No,3.64,122,5,Swamp,Safe
5,129,7.03,7,Yes,3.47,53,1,Icy,Unsafe
5,37,18.26,6,Yes,4.94,33,0,Swamp,Unsafe
2,-132,22.0,4,Yes,1.13,241,7,Icy,Unsafe
3,-83,1.52,9,Yes,3.31,377,7,Plains,Unsafe
7,67,10.24,4,No,3.05,112,8,Rocky,Unsafe
6,-49,19.18,6,No,4.58,317,5,Swamp,Unsafe
2,-109,11.65,4,Yes,0.79,22,0,Forest,Unsafe
6,137,7.05,7,Yes,3.76,45,8,Rocky,Unsafe
2,16,5.89,5,Yes,2.85,311,2,Volcanic,Unsafe
2,-42,3.72,4,Yes,1.38,134,5,Rocky,Unsafe
2,-115,21.5,8,Yes,2.38,117,9,Icy,Unsafe
3,81,14.6,1,Yes,1.68,188,9,Volcanic,Unsafe
2,78,2.37,0,No,2.9,130,8,Rocky,Unsafe
4,13,9.87,7,No,4.45,211,2,Canyon,Unsafe
9,-78,9.51,2,No,2.85,112,4,Volcanic,Safe
6,-15,4.95,6,Yes,3.16,43,4,Canyon,Unsafe
1,-81,11.17,9,Yes,2.6,127,9,Forest,Unsafe
8,45,8.64,7,Yes,0.27,363,6,Rocky,Unsafe
7,118,8.87,5,No,1.17,157,3,Swamp,Safe
3,-102,18.61,9,Yes,2.47,272,3,Swamp,Unsafe
1,-21,5.97,8,Yes,1.56,314,6,Desert,Unsafe
5,-146,16.23,6,No,0.92,393,8,Icy,Unsafe
4,-124,14.48,9,Yes,2.53,354,3,Canyon,Unsafe
8,9,14.42,4,No,1.62,339,3,Volcanic,Unsafe
1,-2,16.74,7,No,1.3,44,5,Desert,Unsafe
1,113,13.94,1,Yes,2.33,107,5,Desert,Unsafe
4,79,22.04,6,No,0.68,218,6,Plains,Unsafe
8,49,17.05,3,Yes,4.64,317,0,Canyon,Unsafe
5,-101,13.9,8,No,4.34,314,2,Volcanic,Unsafe
2,-84,20.83,0,Yes,3.54,176,8,Desert,Unsafe
6,149,15.35,6,No,0.54,227,5,Plains,Unsafe
5,-93,7.63,5,Yes,3.88,190,5,Desert,Safe
2,108,5.57,7,No,4.04,159,4,Icy,Unsafe
3,-21,4.23,4,No,3.84,393,2,Forest,Unsafe
9,64,22.54,0,No,0.58,266,4,Canyon,Unsafe
7,21,17.9,0,Yes,3.22,357,0,Plains,Unsafe
7,107,23.47,8,Yes,4.17,325,2,Forest,Unsafe
6,-49,15.28,9,No,2.89,378,3,Volcanic,Unsafe
8,58,12.1,5,Yes,3.24,189,4,Icy,Safe
4,140,1.96,9,No,2.3,174,9,Plains,Unsafe
8,135,16.96,4,Yes,2.65,289,8,Volcanic,Unsafe
4,-35,14.76,0,No,0.18,356,3,Desert,Unsafe
8,113,24.76,5,Yes,3.2,144,2,Swamp,Safe
9,-1,6.36,5,No,0.42,231,9,Rocky,Unsafe
3,149,13.5,2,No,2.18,359,0,Volcanic,Unsafe
3,-115,16.45,7,No,1.47,203,9,Forest,Unsafe
2,136,16.29,0,No,2.73,212,5,Icy,Unsafe
3,57,14.25,0,Yes,0.68,39,6,Icy,Unsafe
3,-45,19.53,5,No,3.46,274,9,Volcanic,Unsafe
5,7,5.52,9,Yes,3.98,322,7,Desert,Unsafe
5,-30,18.28,0,Yes,0.83,81,0,Rocky,Safe
2,-96,15.68,5,No,0.53,180,3,Canyon,Unsafe
6,-139,22.45,0,Yes,0.74,319,4,Forest,Unsafe
5,-6,21.26,5,Yes,4.39,82,1,Volcanic,Safe
6,-15,8.22,2,Yes,2.65,302,0,Volcanic,Unsafe
1,-148,7.27,7,No,2.34,261,7,Swamp,Unsafe
5,-7,24.55,5,Yes,0.54,271,5,Icy,Unsafe
9,-121,13.42,0,Yes,3.25,199,4,Forest,Safe
2,86,22.71,4,No,4.34,239,8,Rocky,Unsafe
1,128,4.52,7,No,4.14,179,1,Icy,Unsafe
9,-36,16.25,2,Yes,3.13,170,9,Volcanic,Unsafe
9,-47,20.34,5,No,0.39,294,7,Icy,Unsafe
9,-33,23.71,4,Yes,0.57,176,9,Icy,Unsafe
6,-146,8.76,5,Yes,0.26,368,8,Plains,Unsafe
8,97,18.26,9,Yes,1.29,395,0,Icy,Unsafe
1,-30,13.7,0,No,0.69,236,6,Desert,Unsafe
4,135,1.99,6,Yes,1.31,137,7,Icy,Unsafe
1,-2,17.4,8,No,1.93,326,2,Canyon,Unsafe
8,-67,17.41,1,No,4.72,365,3,Desert,Unsafe
1,80,23.3,9,Yes,3.06,310,2,Forest,Unsafe
3,137,12.68,4,No,4.18,128,6,Icy,Unsafe
4,10,6.14,9,No,3.55,48,8,Rocky,Unsafe
8,121,1.59,3,No,0.57,163,2,Desert,Safe
6,-113,10.68,5,No,3.68,276,5,Desert,Unsafe
7,75,7.9,5,No,1.38,292,7,Volcanic,Unsafe
8,-9,19.15,1,Yes,3.2,115,5,Forest,Safe
2,141,9.18,1,No,1.71,23,1,Icy,Unsafe
8,0,23.75,3,Yes,4.99,310,6,Swamp,Unsafe
3,-37,24.08,0,Yes,1.33,24,1,Rocky,Unsafe
7,86,15.71,8,Yes,1.4,390,1,Volcanic,Unsafe
3,-85,23.25,6,Yes,4.65,126,1,Forest,Unsafe
7,107,19.14,6,Yes,0.13,233,0,Canyon,Unsafe
2,98,13.9,2,Yes,3.49,208,0,Desert,Unsafe
6,29,4.92,2,No,3.63,92,6,Rocky,Unsafe
3,39,11.74,0,No,4.18,93,4,Canyon,Unsafe
3,3,14.24,2,No,4.87,326,2,Icy,Unsafe
9,45,21.67,2,Yes,4.88,224,0,Swamp,Safe
7,111,12.29,3,No,0.34,377,9,Plains,Unsafe
5,-8,22.49,3,No,4.11,279,5,Plains,Unsafe
7,-50,17.02,2,No,3.24,10,0,Forest,Safe
9,93,3.86,9,Yes,3.24,328,8,Swamp,Unsafe
1,-139,24.88,7,No,0.65,11,1,Rocky,Unsafe
7,88,13.42,7,Yes,3.25,34,0,Volcanic,Unsafe
6,-102,10.1,0,No,4.91,227,6,Rocky,Unsafe
9,-109,16.65,6,Yes,4.56,219,5,Swamp,Unsafe
1,15,3.17,1,Yes,2.2,140,5,Canyon,Unsafe
4,-69,16.1,0,Yes,0.21,22,4,Desert,Unsafe
9,140,12.71,2,No,1.82,82,3,Plains,Safe
4,7,10.46,3,No,4.13,228,3,Forest,Unsafe
3,65,23.85,5,Yes,3.51,343,2,Icy,Unsafe
9,7,13.3,9,No,2.3,79,9,Rocky,Unsafe
2,-17,5.87,4,Yes,0.28,352,7,Plains,Unsafe
4,-84,11.74,3,Yes,2.14,395,6,Volcanic,Unsafe
6,-144,23.02,7,No,2.35,289,8,Forest,Unsafe
2,-137,4.81,3,No,4.64,330,0,Icy,Unsafe
8,-78,5.74,9,No,3.21,158,6,Rocky,Unsafe
8,12,0.82,1,Yes,1.57,127,9,Volcanic,Unsafe
1,-85,0.85,2,Yes,2.63,189,3,Icy,Unsafe
3,-21,20.82,5,No,0.34,396,6,Desert,Unsafe
9,55,18.44,7,Yes,4.86,30,0,Plains,Unsafe
5,125,9.2,7,No,1.81,385,4,Desert,Unsafe
6,105,17.61,8,Yes,2.39,358,2,Plains,Unsafe
4,115,10.18,6,No,1.78,14,4,Volcanic,Unsafe
2,-126,23.85,1,No,3.42,312,3,Canyon,Unsafe
8,130,24.19,7,Yes,3.31,74,1,Desert,Unsafe
6,102,10.12,6,No,3.58,33,3,Plains,Unsafe
5,138,21.43,7,No,1.35,358,2,Forest,Unsafe
9,13,19.44,2,Yes,1.59,195,0,Volcanic,Safe
1,-56,8.09,6,No,0.64,330,9,Plains,Unsafe
5,119,6.18,9,Yes,3.28,28,7,Rocky,Unsafe
6,-41,11.73,8,No,0.21,193,4,Plains,Unsafe
5,87,19.64,2,Yes,2.99,15,3,Desert,Safe
6,-126,24.02,9,No,4.35,76,9,Forest,Unsafe
6,-10,19.21,5,No,4.46,292,4,Icy,Unsafe
7,-34,21.45,1,No,2.25,80,3,Canyon,Safe
4,-126,15.28,1,No,2.3,123,2,Icy,Unsafe
8,-72,20.97,4,Yes,0.39,18,4,Plains,Safe
7,-83,19.72,4,Yes,3.36,101,3,Icy,Safe
9,22,9.74,6,Yes,4.11,391,0,Plains,Unsafe
7,-139,14.02,1,Yes,1.23,76,2,Forest,Safe
3,137,20.22,6,Yes,2.11,228,9,Icy,Unsafe
3,-23,1.63,4,Yes,4.2,296,9,Desert,Unsafe
8,-55,20.3,5,Yes,4.39,202,7,Desert,Unsafe
5,-59,4.86,7,No,1.22,60,6,Rocky,Unsafe
4,-10,13.11,9,No,2.76,25,1,Plains,Unsafe
8,-120,20.3,3,No,0.97,70,0,Icy,Safe
6,-131,6.72,6,No,0.52,102,2,Desert,Unsafe
2,-5,6.52,5,Yes,4.56,325,4,Swamp,Unsafe
4,9,10.37,9,Yes,4.1,362,9,Forest,Unsafe
4,-108,22.42,1,Yes,3.8,156,0,Canyon,Unsafe
6,103,0.51,7,No,0.25,362,2,Forest,Unsafe
6,-21,22.58,9,Yes,4.22,358,2,Swamp,Unsafe
1,-91,4.27,8,No,2.2,193,4,Swamp,Unsafe
8,0,24.76,4,Yes,1.72,274,2,Rocky,Unsafe
6,136,23.89,9,Yes,2.74,323,8,Forest,Unsafe
3,-146,12.62,3,Yes,0.47,185,0,Forest,Unsafe
9,115,13.06,5,Yes,3.79,325,3,Icy,Unsafe
2,-21,12.3,7,No,2.92,112,9,Plains,Unsafe
8,116,16.07,2,No,0.94,312,9,Volcanic,Unsafe
3,27,2.72,9,Yes,0.95,164,3,Canyon,Unsafe
5,102,1.3,0,No,0.93,60,0,Forest,Safe
6,-95,1.91,3,Yes,0.29,91,1,Canyon,Safe
6,-68,11.39,3,Yes,2.94,285,0,Canyon,Unsafe
4,-52,7.25,0,Yes,4.2,152,5,Canyon,Unsafe
3,-2,15.74,8,Yes,0.1,224,2,Forest,Unsafe
4,5,24.81,2,No,0.25,126,6,Volcanic,Unsafe
1,39,9.96,4,Yes,2.87,192,4,Forest,Unsafe
4,112,14.56,5,Yes,4.1,114,8,Icy,Unsafe
1,-71,10.68,7,No,1.64,261,6,Icy,Unsafe
1,101,21.26,5,Yes,1.75,17,3,Volcanic,Unsafe
6,-54,22.6,2,No,2.99,9,4,Desert,Safe
5,109,22.0,5,Yes,1.38,91,4,Forest,Safe
4,109,24.37,0,Yes,0.14,138,4,Desert,Unsafe
3,-48,1.17,3,Yes,3.68,332,9,Canyon,Unsafe
1,-111,21.08,5,Yes,3.13,356,8,Forest,Unsafe
6,122,18.92,6,Yes,2.91,339,9,Plains,Unsafe
2,-50,6.1,9,Yes,3.71,51,2,Forest,Unsafe
8,70,23.93,2,No,3.38,194,5,Icy,Safe
5,-27,4.13,8,Yes,1.04,205,7,Rocky,Unsafe
7,80,17.15,6,No,1.77,286,8,Swamp,Unsafe
2,27,6.01,0,No,0.64,365,6,Rocky,Unsafe
8,-88,11.07,1,Yes,0.66,92,2,Rocky,Safe
2,-35,18.12,0,No,3.38,308,0,Rocky,Unsafe
4,40,14.3,8,Yes,4.29,144,3,Swamp,Unsafe
1,-89,10.97,8,No,4.81,85,5,Desert,Unsafe
5,105,8.5,6,Yes,3.15,152,2,Swamp,Unsafe
9,-144,21.07,9,No,0.93,1,0,Desert,Unsafe
1,4,4.02,2,No,0.54,341,5,Swamp,Unsafe
9,-59,11.04,4,Yes,4.07,388,0,Swamp,Unsafe
8,-137,22.64,3,No,2.9,259,8,Forest,Unsafe
6,78,21.22,6,Yes,3.1,163,0,Desert,Unsafe
7,-65,10.32,8,Yes,3.91,5,5,Forest,Unsafe
3,-18,19.2,1,Yes,3.52,148,0,Plains,Unsafe
1,32,20.67,7,Yes,4.17,204,6,Forest,Unsafe
5,-89,22.28,8,Yes,0.29,117,2,Rocky,Unsafe
2,68,13.84,9,No,3.74,88,5,Volcanic,Unsafe
5,95,5.51,9,No,4.26,153,6,Volcanic,Unsafe
8,79,6.76,8,No,1.44,166,0,Icy,Unsafe
9,-72,7.74,9,Yes,3.21,160,0,Icy,Unsafe
2,-2,15.05,6,No,1.58,269,4,Canyon,Unsafe
3,-13,1.3,8,No,4.79,55,5,Forest,Unsafe
3,-86,16.08,8,No,0.18,227,8,Swamp,Unsafe
1,-138,9.43,2,No,2.9,336,0,Swamp,Unsafe
8,62,7.73,3,No,0.84,148,3,Volcanic,Safe
6,91,22.05,1,Yes,3.56,45,9,Rocky,Unsafe
8,62,11.77,9,Yes,0.89,143,7,Desert,Unsafe
9,30,2.83,2,No,1.18,237,9,Rocky,Unsafe
5,22,20.76,4,Yes,2.48,271,8,Canyon,Unsafe
3,9,1.67,4,Yes,4.58,119,2,Rocky,Unsafe
5,13,18.31,5,No,1.07,339,1,Forest,Unsafe
5,37,19.46,6,No,0.73,219,3,Forest,Unsafe
5,40,9.14,6,Yes,3.8,7,1,Plains,Unsafe
3,105,20.71,0,No,2.51,343,0,Canyon,Unsafe
4,32,13.13,1,Yes,4.56,386,2,Rocky,Unsafe
9,-34,11.85,8,Yes,0.74,274,6,Swamp,Unsafe
9,131,1.61,9,No,3.23,352,0,Swamp,Unsafe
2,45,7.61,1,Yes,1.17,65,1,Canyon,Unsafe
8,-117,23.31,5,Yes,0.79,78,0,Rocky,Safe
8,-99,10.1,0,Yes,3.42,85,7,Forest,Unsafe
7,-39,13.89,2,No,2.97,123,4,Forest,Safe
8,101,13.53,1,No,3.78,201,7,Plains,Unsafe
3,-69,14.97,2,No,1.55,149,2,Plains,Unsafe
6,81,2.0,4,No,2.25,45,6,Icy,Unsafe
1,76,9.37,9,Yes,2.03,112,7,Canyon,Unsafe
7,82,18.22,5,No,4.92,90,5,Volcanic,Safe
1,70,5.41,8,No,1.47,140,6,Rocky,Unsafe
9,-109,5.49,9,No,1.48,288,1,Canyon,Unsafe
1,-130,0.75,3,No,1.78,388,7,Swamp,Unsafe
1,-109,11.22,6,Yes,2.83,217,4,Rocky,Unsafe
7,-38,22.13,5,Yes,1.27,76,6,Plains,Unsafe
2,-46,1.77,1,Yes,4.58,376,0,Plains,Unsafe
5,41,5.18,9,No,1.34,383,4,Icy,Unsafe
8,-134,8.1,7,No,4.48,333,0,Volcanic,Unsafe
8,-31,18.43,6,Yes,0.53,151,7,Icy,Unsafe
3,-22,16.2,6,No,3.29,322,3,Swamp,Unsafe
7,-21,10.69,7,No,4.54,238,3,Volcanic,Unsafe
3,-91,19.1,0,Yes,0.85,114,1,Desert,Unsafe
6,-103,15.44,0,Yes,4.84,318,4,Rocky,Unsafe
6,-122,22.45,7,No,2.27,368,0,Icy,Unsafe
3,-54,20.54,3,No,4.73,93,8,Plains,Unsafe
7,-141,6.69,4,No,3.39,47,4,Icy,Safe
3,91,7.15,7,Yes,1.51,190,5,Desert,Unsafe
8,81,3.57,4,Yes,0.95,11,1,Icy,Safe
4,126,8.76,9,Yes,1.53,155,9,Rocky,Unsafe
1,133,24.99,3,Yes,0.47,171,9,Desert,Unsafe
4,52,10.44,5,No,0.73,295,0,Canyon,Unsafe
7,96,5.9,4,Yes,0.53,176,3,Canyon,Safe
4,139,19.18,6,Yes,2.12,340,6,Canyon,Unsafe
6,113,13.79,9,No,3.98,56,5,Plains,Unsafe
9,63,4.17,6,No,0.72,342,9,Plains,Unsafe
1,49,9.83,3,No,0.66,339,0,Canyon,Unsafe
5,-72,10.65,4,Yes,3.22,202,0,Canyon,Safe
7,22,18.97,2,No,0.99,184,7,Canyon,Unsafe
1,-82,1.01,3,No,0.5,120,3,Forest,Unsafe
4,-64,7.09,3,Yes,0.84,225,4,Canyon,Unsafe
6,-50,13.18,2,Yes,4.62,201,6,Desert,Unsafe
2,-143,7.09,9,No,4.11,329,7,Forest,Unsafe
5,49,15.9,4,Yes,1.78,362,9,Forest,Unsafe
1,-64,12.31,4,No,3.28,379,6,Rocky,Unsafe
6,-108,9.36,6,No,2.69,355,1,Icy,Unsafe
6,-42,23.76,3,Yes,3.39,215,3,Plains,Safe
4,1,15.99,3,No,3.42,42,9,Plains,Unsafe
8,-134,3.68,8,Yes,3.15,374,0,Icy,Unsafe
4,-18,14.22,5,Yes,1.34,22,9,Plains,Unsafe
8,-3,19.63,3,Yes,0.2,154,8,Icy,Unsafe
8,126,17.86,1,No,2.28,185,2,Desert,Safe
5,81,4.72,5,Yes,4.46,248,2,Rocky,Safe
4,77,24.32,1,Yes,2.85,236,9,Canyon,Unsafe
2,-12,11.5,4,No,4.16,292,8,Rocky,Unsafe
3,60,4.4,5,No,4.96,133,9,Swamp,Unsafe
3,-123,4.91,3,No,0.83,320,2,Rocky,Unsafe
4,-100,2.91,2,No,3.46,389,7,Icy,Unsafe
4,110,20.19,6,Yes,3.37,21,1,Swamp,Unsafe
5,110,3.49,1,Yes,4.9,360,2,Icy,Unsafe
4,-143,3.57,5,Yes,4.93,87,1,Canyon,Unsafe
8,-13,21.34,3,No,3.44,152,0,Volcanic,Safe
6,-113,8.94,5,No,1.23,124,1,Swamp,Safe
6,-40,1.26,3,Yes,3.99,78,7,Canyon,Unsafe
8,69,1.77,3,No,0.54,345,8,Canyon,Unsafe
7,72,3.98,3,No,3.91,50,1,Plains,Safe
8,-15,5.73,8,Yes,4.55,215,6,Plains,Unsafe
2,105,16.8,6,Yes,1.92,175,4,Volcanic,Unsafe
9,-102,4.35,2,No,3.16,357,2,Volcanic,Unsafe
1,141,3.41,2,No,2.16,252,8,Rocky,Unsafe
8,-73,19.24,5,No,2.19,245,5,Canyon,Safe
4,-46,16.94,5,Yes,1.56,226,0,Volcanic,Unsafe
4,18,11.17,3,Yes,3.81,105,4,Icy,Unsafe
5,66,13.96,8,Yes,4.68,192,6,Canyon,Unsafe
8,-32,8.14,3,Yes,4.7,315,3,Forest,Unsafe
5,39,12.32,8,Yes,0.88,301,7,Icy,Unsafe
8,104,12.91,3,No,4.37,35,9,Swamp,Unsafe
1,115,9.99,1,No,3.69,203,4,Volcanic,Unsafe
9,-2,22.71,1,No,1.27,266,8,Plains,Unsafe
6,13,0.89,4,Yes,0.35,267,8,Icy,Unsafe
3,-11,19.66,3,Yes,1.35,169,8,Plains,Unsafe
8,107,3.55,6,Yes,4.56,38,0,Icy,Unsafe
9,118,20.04,4,No,3.17,138,1,Plains,Safe
6,30,15.59,5,Yes,3.61,291,2,Desert,Unsafe
7,9,21.16,9,Yes,1.29,51,3,Icy,Unsafe
1,137,2.89,3,No,3.6,286,9,Swamp,Unsafe
5,137,14.2,1,Yes,0.15,288,8,Plains,Unsafe
5,75,12.78,9,No,1.88,140,9,Forest,Unsafe
4,-140,17.8,8,Yes,3.14,145,5,Swamp,Unsafe
6,-141,13.59,9,Yes,0.74,313,0,Rocky,Unsafe
7,120,13.75,6,No,4.12,183,8,Icy,Unsafe
9,122,11.03,3,No,1.18,151,5,Forest,Safe
1,32,8.07,2,No,3.26,200,3,Rocky,Unsafe
6,2,12.32,9,No,2.03,127,3,Icy,Unsafe
7,-27,3.4,2,No,2.98,286,2,Forest,Unsafe
3,-37,24.06,8,No,0.55,310,6,Forest,Unsafe
8,127,18.0,4,Yes,0.09,252,2,Swamp,Unsafe
5,62,23.84,2,Yes,4.55,265,1,Desert,Unsafe
9,21,6.05,4,No,1.36,187,9,Forest,Unsafe
5,137,22.04,1,Yes,4.1,385,7,Desert,Unsafe
9,23,20.32,3,No,5.0,229,3,Volcanic,Safe
4,-38,17.09,9,Yes,1.07,270,7,Swamp,Unsafe
9,-29,15.81,1,No,1.33,258,0,Canyon,Unsafe
5,-119,8.26,1,Yes,3.32,298,4,Plains,Unsafe
9,71,20.5,7,Yes,4.83,197,8,Swamp,Unsafe
3,-32,12.79,0,Yes,4.58,322,0,Rocky,Unsafe
4,-112,2.24,6,Yes,2.52,55,3,Plains,Unsafe
9,117,8.17,4,Yes,3.98,318,5,Plains,Unsafe
6,82,23.41,7,No,0.69,202,9,Canyon,Unsafe
2,-133,21.34,0,No,4.89,270,7,Desert,Unsafe
7,-2,24.56,6,No,4.82,108,2,Canyon,Unsafe
2,-2,15.89,4,Yes,0.83,115,4,Canyon,Unsafe
2,-25,6.56,3,No,1.5,91,6,Plains,Unsafe
1,87,4.49,6,Yes,0.51,137,0,Forest,Unsafe
3,-16,5.08,9,Yes,1.37,302,6,Desert,Unsafe
6,0,0.98,1,Yes,4.08,56,7,Plains,Unsafe
8,85,10.07,0,No,1.9,49,7,Desert,Unsafe
9,73,5.19,0,Yes,0.45,70,8,Volcanic,Unsafe
7,52,10.59,0,No,1.72,398,5,Desert,Unsafe
4,105,23.41,4,No,4.91,81,5,Icy,Unsafe
6,-65,11.05,9,Yes,3.15,371,1,Forest,Unsafe
5,-1,22.01,6,Yes,2.09,104,2,Rocky,Unsafe
8,84,15.33,1,No,0.84,87,3,Icy,Safe
1,-129,6.55,9,No,4.93,1,3,Icy,Unsafe
1,134,9.22,7,No,4.11,359,7,Canyon,Unsafe
6,118,2.56,3,No,1.41,83,0,Canyon,Safe
2,107,8.67,2,No,0.36,42,9,Icy,Unsafe
5,-122,17.1,9,No,0.29,153,3,Plains,Unsafe
1,62,2.27,7,Yes,0.61,326,3,Desert,Unsafe
7,132,5.53,1,No,2.91,93,0,Desert,Safe
1,-101,9.85,2,No,4.64,297,2,Swamp,Unsafe
4,-56,24.56,2,No,2.49,132,4,Plains,Unsafe
9,-63,19.73,9,No,4.22,394,5,Forest,Unsafe
1,-107,18.47,0,Yes,2.23,64,8,Plains,Unsafe
4,127,3.35,5,Yes,3.55,289,8,Plains,Unsafe
6,20,19.63,1,No,3.66,375,8,Plains,Unsafe
6,38,19.74,0,No,0.88,256,0,Forest,Unsafe
8,33,15.23,1,No,1.81,385,8,Swamp,Unsafe
1,-148,24.76,5,Yes,3.19,212,7,Forest,Unsafe
7,40,8.47,3,Yes,0.36,147,1,Volcanic,Safe
1,-33,23.56,5,Yes,1.81,60,0,Swamp,Unsafe
7,-132,22.91,8,Yes,2.68,148,0,Volcanic,Unsafe
3,-128,0.78,9,Yes,4.98,87,5,Volcanic,Unsafe
8,-121,11.53,9,Yes,2.38,323,8,Volcanic,Unsafe
3,144,24.44,7,No,4.08,382,6,Desert,Unsafe
1,-43,3.03,0,Yes,2.17,395,4,Icy,Unsafe
8,130,13.92,7,Yes,3.98,277,1,Icy,Unsafe
3,-23,24.48,8,No,2.98,81,0,Volcanic,Unsafe
2,78,14.11,5,Yes,4.43,128,1,Volcanic,Unsafe
1,-40,5.15,9,No,2.06,285,0,Rocky,Unsafe
3,-15,14.76,4,Yes,3.03,381,2,Canyon,Unsafe
2,35,5.51,5,No,3.15,352,5,Icy,Unsafe
2,-7,13.23,5,No,2.09,279,7,Canyon,Unsafe
6,-79,2.31,8,No,0.73,269,2,Canyon,Unsafe
1,-22,15.33,3,No,0.48,291,9,Rocky,Unsafe
2,110,13.16,1,No,0.09,202,8,Canyon,Unsafe
6,-148,18.63,8,Yes,4.37,23,9,Swamp,Unsafe
3,-47,15.95,1,Yes,1.19,350,4,Rocky,Unsafe
4,73,13.97,9,No,1.07,310,6,Canyon,Unsafe
1,-141,17.4,8,No,3.68,207,7,Canyon,Unsafe
8,80,4.03,1,No,1.61,279,2,Plains,Unsafe
7,68,15.09,7,Yes,2.54,204,1,Canyon,Unsafe
7,-85,4.72,8,No,0.82,151,1,Desert,Unsafe
3,-39,23.18,9,No,4.8,25,4,Swamp,Unsafe
3,-138,2.17,8,No,4.26,193,0,Forest,Unsafe
2,-65,11.04,9,No,4.32,335,1,Icy,Unsafe
1,83,17.55,8,Yes,2.04,237,8,Volcanic,Unsafe
7,-61,11.72,1,No,3.81,320,6,Canyon,Unsafe
7,-97,2.76,3,No,0.73,74,5,Swamp,Safe
2,-139,14.06,6,Yes,0.05,162,8,Volcanic,Unsafe
7,58,16.22,1,No,0.11,298,6,Forest,Unsafe
8,-137,17.74,0,No,2.94,28,4,Swamp,Safe
1,-30,9.64,2,Yes,2.28,164,8,Icy,Unsafe
9,-131,14.31,3,Yes,2.59,336,5,Swamp,Unsafe
7,-76,11.54,7,Yes,0.05,185,5,Volcanic,Unsafe
3,92,16.97,5,No,2.12,53,3,Volcanic,Unsafe
8,72,14.8,1,No,3.59,294,0,Plains,Unsafe
7,-81,13.38,8,Yes,2.22,41,4,Canyon,Unsafe
8,60,6.61,1,Yes,3.66,284,8,Rocky,Unsafe
6,-50,0.55,4,Yes,1.17,386,7,Swamp,Unsafe
9,35,4.77,3,No,4.07,137,7,Volcanic,Unsafe
5,-19,3.37,6,No,2.95,186,4,Desert,Unsafe
3,-40,11.5,7,Yes,1.06,397,8,Icy,Unsafe
3,-19,15.5,4,No,1.19,203,2,Desert,Unsafe
1,-131,5.72,9,Yes,3.14,41,2,Forest,Unsafe
8,-127,23.51,4,No,4.15,349,0,Swamp,Unsafe
2,76,0.66,1,No,2.08,287,8,Plains,Unsafe
3,3,19.42,7,No,1.3,25,5,Icy,Unsafe
8,142,15.82,1,No,4.34,370,1,Plains,Unsafe
8,79,9.65,9,Yes,3.35,384,7,Rocky,Unsafe
4,51,1.74,5,No,2.25,55,8,Volcanic,Unsafe
4,-113,15.87,7,No,2.44,252,8,Canyon,Unsafe
5,109,9.95,5,Yes,1.03,121,1,Icy,Safe
6,37,23.44,3,No,3.14,105,1,Forest,Safe
5,-94,13.78,3,Yes,1.8,129,6,Canyon,Unsafe
7,-131,23.52,5,Yes,4.98,336,3,Swamp,Unsafe
2,122,5.9,3,No,2.41,157,0,Rocky,Unsafe
7,-32,18.28,7,No,2.43,375,7,Rocky,Unsafe
7,-80,15.62,8,Yes,2.83,230,1,Plains,Unsafe
1,-147,18.62,0,Yes,4.58,307,2,Rocky,Unsafe
7,70,5.76,3,Yes,4.01,90,4,Icy,Safe
5,-137,16.79,3,No,2.26,392,2,Plains,Unsafe
3,-148,12.7,1,Yes,3.6,21,6,Canyon,Unsafe
3,65,18.7,5,Yes,2.94,289,6,Rocky,Unsafe
4,78,8.51,2,Yes,2.47,109,1,Swamp,Unsafe
2,35,22.31,6,No,0.97,48,6,Canyon,Unsafe
2,-96,2.57,4,Yes,2.33,128,5,Forest,Unsafe
1,103,20.28,3,No,1.24,72,9,Swamp,Unsafe
5,-127,21.6,4,No,4.58,339,8,Desert,Unsafe
4,11,20.52,7,Yes,1.68,52,8,Icy,Unsafe
2,7,13.06,2,No,4.76,355,1,Forest,Unsafe
3,-69,11.24,6,Yes,2.67,379,6,Forest,Unsafe
7,8,24.91,5,No,3.16,167,4,Plains,Safe
7,37,6.11,0,No,2.72,44,5,Volcanic,Safe
4,-91,13.9,6,Yes,0.66,392,0,Plains,Unsafe
5,60,16.93,6,Yes,1.89,104,6,Icy,Unsafe
5,1,17.67,0,Yes,0.5,149,5,Icy,Safe
6,-42,5.5,8,No,3.12,145,3,Plains,Unsafe
9,-75,16.52,5,No,2.24,203,0,Volcanic,Safe
2,-121,20.55,1,Yes,3.89,361,8,Swamp,Unsafe
5,-34,1.73,4,Yes,1.11,298,3,Plains,Unsafe
3,41,22.83,3,No,0.83,166,1,Icy,Unsafe
4,-132,1.22,6,No,2.04,200,7,Volcanic,Unsafe
6,22,9.22,7,No,4.63,133,1,Icy,Unsafe
8,77,0.89,0,Yes,3.56,210,4,Volcanic,Safe
1,32,2.39,4,No,2.1,47,5,Volcanic,Unsafe
8,-38,22.82,2,Yes,2.59,125,7,Canyon,Unsafe
7,32,9.19,0,No,0.43,238,0,Plains,Safe
1,-5,10.91,2,No,4.92,6,0,Plains,Unsafe
2,-35,5.78,5,Yes,3.34,271,3,Plains,Unsafe
3,-38,15.13,6,Yes,1.43,384,4,Volcanic,Unsafe
1,100,15.07,7,Yes,2.93,370,8,Volcanic,Unsafe
9,100,9.62,3,No,0.56,36,6,Icy,Unsafe
8,-33,8.66,2,No,4.83,210,6,Forest,Unsafe
2,10,22.18,4,No,0.88,164,7,Plains,Unsafe
9,47,9.89,8,Yes,3.24,124,4,Canyon,Unsafe
7,109,12.59,5,No,1.23,336,4,Desert,Unsafe
9,-3,7.44,8,Yes,3.59,191,0,Icy,Unsafe
6,89,19.78,5,Yes,3.89,217,8,Icy,Unsafe
6,-104,10.24,1,Yes,3.37,213,5,Rocky,Safe
4,47,13.08,4,No,3.08,61,8,Plains,Unsafe
2,-104,6.71,8,No,4.46,327,2,Swamp,Unsafe
7,-73,24.7,7,Yes,0.4,380,4,Icy,Unsafe
5,-27,7.64,6,No,1.66,160,1,Rocky,Unsafe
6,-76,19.38,0,Yes,1.25,65,9,Desert,Unsafe
2,-14,10.97,3,Yes,4.94,285,4,Canyon,Unsafe
5,-61,5.55,6,No,1.95,238,7,Desert,Unsafe
4,-90,20.09,6,Yes,3.67,19,1,Swamp,Unsafe
9,-13,8.67,5,Yes,3.43,187,7,Plains,Unsafe
6,-101,21.7,7,No,1.07,81,3,Volcanic,Unsafe
2,108,22.92,5,Yes,1.2,362,9,Rocky,Unsafe
1,-44,21.57,9,Yes,1.41,201,9,Volcanic,Unsafe
5,-38,1.36,2,Yes,2.06,131,0,Desert,Safe
9,103,19.79,3,Yes,1.18,36,4,Desert,Safe
6,-33,10.58,2,Yes,0.11,131,0,Forest,Safe
7,47,21.91,0,Yes,4.4,76,6,Forest,Unsafe
5,-100,16.13,9,Yes,4.83,88,7,Canyon,Unsafe
6,94,20.92,4,No,1.71,252,2,Swamp,Unsafe
5,-116,12.74,0,No,1.7,343,2,Forest,Unsafe
9,-82,13.61,0,Yes,0.05,193,6,Forest,Unsafe
6,-102,4.04,1,Yes,3.4,175,3,Swamp,Safe
8,-77,19.71,3,No,4.13,32,2,Icy,Safe
2,41,10.78,5,No,0.74,57,7,Forest,Unsafe
9,110,12.75,7,No,0.81,200,2,Icy,Unsafe
5,-81,19.73,2,No,3.95,27,6,Icy,Unsafe
7,-61,15.17,0,No,3.09,34,1,Plains,Safe
1,109,5.43,2,Yes,0.23,124,0,Icy,Unsafe
5,-25,14.96,2,No,3.12,393,5,Icy,Unsafe
2,80,10.49,4,No,1.55,320,7,Forest,Unsafe
6,144,12.0,3,No,1.85,41,0,Icy,Safe
1,-22,1.19,3,Yes,3.85,84,9,Volcanic,Unsafe
3,129,5.65,8,Yes,4.06,392,8,Swamp,Unsafe
5,-51,7.39,6,Yes,2.01,187,2,Forest,Unsafe
4,146,17.97,3,Yes,4.74,110,2,Swamp,Unsafe
3,31,0.78,2,Yes,2.04,270,3,Rocky,Unsafe
5,23,10.52,5,Yes,3.86,324,0,Forest,Unsafe
8,37,23.14,2,No,2.42,104,8,Icy,Unsafe
4,-94,3.24,5,Yes,4.49,319,2,Volcanic,Unsafe
1,-120,13.15,8,Yes,4.54,40,9,Swamp,Unsafe
7,-67,19.77,5,No,0.45,214,3,Forest,Safe
8,1,23.59,3,Yes,4.68,70,0,Volcanic,Safe
3,-115,18.8,4,No,4.13,55,3,Swamp,Unsafe
6,62,18.15,5,No,3.96,235,0,Rocky,Safe
2,-45,20.75,2,Yes,1.01,280,4,Desert,Unsafe
7,69,11.43,7,No,4.03,104,4,Canyon,Unsafe
8,12,20.24,3,No,4.25,389,6,Canyon,Unsafe
6,69,0.7,7,No,1.45,374,7,Rocky,Unsafe
6,119,23.15,9,No,4.76,161,3,Desert,Unsafe
5,-31,11.36,9,Yes,0.26,190,6,Plains,Unsafe
8,31,14.06,2,No,0.76,8,3,Desert,Safe
1,-45,6.74,9,Yes,2.69,59,2,Plains,Unsafe
4,66,18.69,6,No,2.88,380,5,Forest,Unsafe
4,54,2.38,8,No,3.23,304,3,Plains,Unsafe
3,-81,21.88,3,No,0.09,224,2,Canyon,Unsafe
3,-107,20.79,7,Yes,4.8,306,8,Canyon,Unsafe
4,77,5.79,2,Yes,0.23,187,4,Volcanic,Unsafe
1,33,20.33,6,Yes,0.72,69,6,Plains,Unsafe
2,-44,19.77,2,No,0.08,292,5,Volcanic,Unsafe
9,-67,15.99,6,No,2.84,286,9,Canyon,Unsafe
2,99,9.65,9,No,4.66,168,4,Swamp,Unsafe
5,-130,7.15,9,No,3.33,61,6,Swamp,Unsafe
9,45,6.18,5,Yes,4.12,348,5,Desert,Unsafe
9,27,8.31,1,No,0.08,13,9,Desert,Unsafe
8,-144,22.64,2,Yes,2.71,163,1,Desert,Safe
1,-81,2.4,5,No,2.3,244,2,Plains,Unsafe
1,-24,20.81,3,Yes,2.5,334,1,Desert,Unsafe
9,9,9.05,5,Yes,0.37,7,2,Plains,Safe
8,97,13.28,0,No,3.43,153,0,Plains,Safe
9,52,19.96,9,No,2.52,35,7,Icy,Unsafe
7,-3,22.17,0,Yes,3.83,47,5,Icy,Safe
3,-8,8.95,2,No,2.43,84,1,Plains,Unsafe
3,48,11.82,7,No,0.76,27,7,Swamp,Unsafe
2,3,10.66,7,Yes,3.24,195,5,Volcanic,Unsafe
5,-9,0.82,3,Yes,0.87,207,6,Canyon,Unsafe
3,14,7.75,5,Yes,4.36,203,0,Canyon,Unsafe
6,-130,11.75,7,Yes,3.07,306,6,Forest,Unsafe
2,-69,10.57,6,No,0.79,103,2,Rocky,Unsafe
3,-82,18.19,6,Yes,4.81,229,7,Icy,Unsafe
5,-20,9.93,3,Yes,2.6,100,5,Plains,Safe
1,-64,12.49,8,Yes,0.37,28,3,Rocky,Unsafe
1,67,11.03,9,No,3.14,126,7,Icy,Unsafe
9,10,18.65,5,Yes,1.27,337,8,Forest,Unsafe
7,27,21.64,2,No,4.02,9,9,Canyon,Unsafe
1,-34,13.53,4,Yes,4.09,105,1,Volcanic,Unsafe
8,45,19.84,4,Yes,4.89,166,5,Plains,Safe
3,-65,7.77,4,No,2.51,256,4,Forest,Unsafe
8,138,13.76,7,Yes,2.28,294,4,Canyon,Unsafe
5,-70,8.96,8,Yes,3.77,276,9,Swamp,Unsafe
1,1,10.65,8,No,0.67,64,2,Icy,Unsafe
7,-90,18.44,5,Yes,2.74,270,7,Plains,Unsafe
5,-90,22.1,5,Yes,2.74,387,7,Rocky,Unsafe
6,-123,3.48,8,Yes,0.46,187,4,Swamp,Unsafe
6,-108,16.05,3,Yes,2.1,316,7,Canyon,Unsafe
8,18,14.76,5,No,4.27,137,9,Swamp,Unsafe
9,-65,3.4,3,Yes,4.28,342,7,Desert,Unsafe
2,26,5.69,0,No,0.51,104,2,Volcanic,Unsafe
9,-134,8.12,6,Yes,0.46,33,1,Canyon,Unsafe
9,-53,4.59,9,No,1.32,379,8,Swamp,Unsafe
7,47,6.47,5,Yes,4.38,109,1,Icy,Safe
1,-53,7.06,8,No,0.65,32,8,Volcanic,Unsafe
7,-86,8.72,6,Yes,3.6,353,3,Plains,Unsafe
5,-146,18.86,6,No,0.51,230,1,Desert,Unsafe
6,-149,14.51,1,No,3.12,316,9,Canyon,Unsafe
7,-129,24.66,8,Yes,1.79,265,0,Forest,Unsafe
5,-39,10.66,9,No,3.95,181,3,Volcanic,Unsafe
7,-94,18.97,8,Yes,1.18,339,8,Rocky,Unsafe
9,-85,21.85,5,Yes,3.2,64,8,Icy,Unsafe
3,-53,17.13,2,Yes,1.19,332,3,Canyon,Unsafe
8,-7,10.59,0,Yes,3.57,0,8,Rocky,Unsafe
2,-26,18.96,3,Yes,4.37,132,5,Volcanic,Unsafe
7,16,5.49,2,No,0.64,79,0,Canyon,Safe
2,-65,8.53,0,Yes,4.33,270,9,Desert,Unsafe
4,-75,13.89,2,Yes,2.97,240,5,Forest,Unsafe
7,143,14.6,3,Yes,0.64,27,8,Forest,Unsafe
3,-92,1.04,7,Yes,2.14,222,1,Rocky,Unsafe
2,-13,23.66,8,Yes,0.81,22,5,Plains,Unsafe
7,-52,17.57,2,Yes,3.5,108,1,Plains,Safe
1,41,12.64,5,No,3.8,106,3,Desert,Unsafe
8,92,23.36,9,No,0.54,144,7,Forest,Unsafe
3,-102,11.26,4,Yes,2.54,368,6,Rocky,Unsafe
2,-119,24.52,5,No,4.07,353,8,Rocky,Unsafe
3,126,13.05,3,Yes,4.68,396,6,Canyon,Unsafe
5,-131,3.3,9,Yes,2.57,397,0,Canyon,Unsafe
8,3,19.24,5,Yes,4.75,138,1,Rocky,Safe
7,-83,17.13,6,Yes,2.68,283,5,Canyon,Unsafe
7,63,19.44,8,Yes,1.98,297,6,Volcanic,Unsafe
